[
  {
    "code": "110000",
    "name": "北京市",
    "children": [
      {
        "code": "110100",
        "name": "北京市",
        "children": [
          { "code": "110101", "name": "东城区" },
          { "code": "110102", "name": "西城区" },
          { "code": "110105", "name": "朝阳区" },
          { "code": "110106", "name": "丰台区" },
          { "code": "110108", "name": "海淀区" }
        ]
      }
    ]
  },
  {
    "code": "310000",
    "name": "上海市",
    "children": [
      {
        "code": "310100",
        "name": "上海市",
        "children": [
          { "code": "310101", "name": "黄浦区" },
          { "code": "310104", "name": "徐汇区" },
          { "code": "310105", "name": "长宁区" },
          { "code": "310112", "name": "闵行区" },
          { "code": "310115", "name": "浦东新区" }
        ]
      }
    ]
  },
  {
    "code": "440000",
    "name": "广东省",
    "children": [
      {
        "code": "440100",
        "name": "广州市",
        "children": [
          { "code": "440103", "name": "荔湾区" },
          { "code": "440104", "name": "越秀区" },
          { "code": "440105", "name": "海珠区" },
          { "code": "440106", "name": "天河区" },
          { "code": "440111", "name": "白云区" }
        ]
      },
      {
        "code": "440300",
        "name": "深圳市",
        "children": [
          { "code": "440303", "name": "罗湖区" },
          { "code": "440304", "name": "福田区" },
          { "code": "440305", "name": "南山区" },
          { "code": "440307", "name": "龙岗区" },
          { "code": "440308", "name": "盐田区" }
        ]
      }
    ]
  },
  {
    "code": "330000",
    "name": "浙江省",
    "children": [
      {
        "code": "330100",
        "name": "杭州市",
        "children": [
          { "code": "330102", "name": "上城区" },
          { "code": "330105", "name": "拱墅区" },
          { "code": "330106", "name": "西湖区" },
          { "code": "330109", "name": "萧山区" },
          { "code": "330110", "name": "余杭区" }
        ]
      },
      {
        "code": "330200",
        "name": "宁波市",
        "children": [
          { "code": "330203", "name": "海曙区" },
          { "code": "330205", "name": "江北区" },
          { "code": "330206", "name": "北仑区" },
          { "code": "330211", "name": "镇海区" },
          { "code": "330212", "name": "鄞州区" }
        ]
      }
    ]
  }
]

